title,link,content
유대인 학살 기록 네덜란드 홀로코스트 박물관 개관,https://v.daum.net/v/20240311011501114,"사진 출처 : 연합뉴스
           

나치 독일에 의한 네덜란드 유대인 대학살 피해를 기록한 국립 홀로코스트 박물관이 암스테르담에 문을 열었습니다. 
박물관은 네덜란드에서 추방돼 나치 수용소에서 살해된 유대인 10만여 명의 사연과 나치 독일 점령하에서 유대인이 구조적으로 박해받은 역사를 담았습니다. 
박물관에는 강제 수용소 해방 후 시신 옆을 지나가는 소년의 사진과 수용소 부지에서 발견된 유대인의 유품 등이 전시돼 있습니다. 
개관식은 빌럼 알렉산드르 네덜란드 국왕과 이츠하크 헤르조그 이스라엘 대통령의 주재로 암스테르담의 포르투갈 유대교 회당에서 열렸습니다. 
헤르조그 대통령은 ""홀로코스트 박물관이 증오와 반유대주의에서 비롯된 공포를 기억하고 다시는 그런 일이 생기지 않도록 하라는 강력한 메시지를 보내는 것""이라고 말했습니다. 
수백 명의 친팔레스타인 시위대는 인근 광장에서 헤르조그 대통령의 참석을 비판하는 시위를 벌였습니다. 
친팔레스타인 네덜란드 단체는 ""헤르조그 이스라엘 대통령의 참석은 이스라엘이 어떻게 사랑하는 사람을 살해하고 땅을 파괴하는지 무력하게 지켜볼 수밖에 없는 팔레스타인인들의 뺨을 때리는 것""이라고 비판했습니다. 
YTN 황보연 (hwangby@ytn.co.kr)
※ '당신의 제보가 뉴스가 됩니다' 
[카카오톡] YTN 검색해 채널 추가 
[전화] 02-398-8585 
[메일] social@ytn.co.kr
[저작권자(c) YTN 무단전재, 재배포 및 AI 데이터 활용 금지]"
"""백악관의 진정한 문고리""…출입기자가 본 질 바이든 영향력",https://v.daum.net/v/20240311011502115,"유세 현장의 바이든 대통령 부부 [AFP 연합뉴스 자료사진]
           

(워싱턴=연합뉴스) 조준형 특파원 = 조 바이든 미국 대통령의 부인인 질 바이든(72) 여사가 백악관에서 실질적으로 큰 영향력을 행사한다고 뉴욕타임스(NYT) 백악관 출입기자가 밝혔다. 
지난달 힐러리 클린턴과 멜라니아 트럼프, 질 바이든 등 역대 영부인 3명을 조명한 책 '아메리칸 우먼'을 펴낸 NYT의 케이티 로저스 기자는 최근 폴리티코와의 인터뷰에서 바이든 여사에 대해 ""그녀는 정말로 바이든 대통령과 가장 가까운 사람들의 게이트키퍼(gatekeeper·관문을 지키며 출입자를 결정하는 사람)""라고 평했다.
특히 로저스 기자는 ""바이든 대통령의 핵심 측근 그룹에 대해 갖고 있는 영향력은 대통령과 여사가 서로 비슷하다""고 평가했다. 
또 ""그녀는 어떤 일이 일어나고 있는지를 확실히 알고 있으며, 바이든 대통령과 다년간 함께 했던 몇몇 참모들을 데리고 있다""며 ""참모들은 충성심이 최고 가치임을 알고 있으며, 그것을 어겼을 때 바이든 부부, 특히 영부인의 신뢰를 회복하기 어렵다는 것을 잘 안다""고 전했다. 
로저스 기자는 또 지난달 NYT 기사에서 바이든 여사가 바이든 대통령의 공보팀을 포함한 다른 고위급 참모 인선에 직접 관여했고, 바이든 대통령이 주재하는 대부분의 정치 관련 회의에 참석한다고 소개했다. 
또 바이든 여사는 뭔가 마음에 들지 않으면 대통령이 있는 자리에서도 참모들에게 그것을 지적한다고 로저스 기자는 전했다. 
2022년 1월 바이든 대통령이 2시간 가까이 이어진 취임 1주년 기자회견에서 여러 차례 사실관계에 오류가 있는 발언을 한 뒤 바이든 대통령과 고위급 보좌진들이 백악관에 모였을 때 있었던 일이 대표적인 사례다. 
그때 바이든 여사가 갑자기 나타나 ""회견을 끝내야 했던 사람은 어디에 있었나요?""라고 따져 물었고 결국 백악관 참모들은 바이든 여사에게 사과했다고 로저스는 소개했다.
로저스는 ""바이든 여사가 뽑은 사람 중 일부는 이스트윙(백악관 내 영부인 집무실이 있는 건물)을 강도 높은 근무 환경 속의 안전한 피난처로 여길 수 있을 것""이라며 ""왜나하면 그녀와 가까운 누군가의 표현을 빌리자면 그녀가 고용한 사람을 누구도 감히 해고하지 못할 것이기 때문""이라고 썼다.
바이든 대통령이 첫 부인과 딸을 교통사고로 잃은 지 3년 후인 1975년 바이든 대통령과 결혼한 바이든 여사는 과거 고교 교사, 영작문 교수 등으로 일하면서 남편의 정치에 대한 조력자 역할을 병행했다. 
특히 바이든 대통령이 오바마 행정부의 부통령일 때 여사가 노던버지니아 커뮤니티 칼리지(2년제 대학) 교수로 일하며 역대 현역 퍼스트레이디나 세컨드레이디(부통령 부인) 중 처음으로 월급을 받는 별도 직업을 가졌던 것으로 유명하다. 
jhcho@yna.co.kr
▶제보는 카톡 okjebo"
심판론·인물론·역할론…도민 선택 주목,https://v.daum.net/v/20240311000625783,"▲ 제22대 국회의원선거 D-30을 하루 앞둔 10일 강원특별자치도선거관리위원회 관계자가 D-day판의 날짜를 바꾸고 있다. 김정호
           


4·10 총선이 30일 앞으로 다가오며 본선 열기가 달아오르고 있다. 22대 총선은 대선과 지선에 이어 2년 만에 치러지는 선거다. 오는 12일 본선 후보가 결정되는 춘천을 선거구를 제외하고, 도내 8개 선거구 출마자는 줄잡아 20여명에 이른다. 판세를 가를 ‘강원 총선’ 포인트를 짚는다. ■거야심판 vs 정권심판 이번 총선은 집권 3년차를 맞는 윤석열 정부에 대한 중간평가 성격을 띤다. 또, 21대 국회를 장악한 더불어민주당을 심판하는 성격 역시 공존한다. 국민의힘은 거대 야당의 ‘입법독재’를 막아달라며 ‘거야 심판론’을 앞세우고 있다. 반면, 민주당은 윤 정부 출범 이후 외교·경제·안보 등 여러 분야에서 적신호가 켜졌다며 ‘정권 심판론’으로 맞불을 놨다. 야권에선 도내 여권 후보 대부분이 ‘친윤계’ 핵심이라고 짚으며 ‘정권 심판론’을 극대화하고 있다. 이에 맞서 여권 후보들은 중진 역할에 무게를 둔 정부·여당의 프리미엄을 강조하고 ‘중단없는 지역발전론’을 내세웠다. 제3지대 신당도 창당되면서 중도·부동층의 표심 향배도 주목된다. ■강원 현역 9명 중 7명 ‘공천 생환’ 국민의힘 춘천갑 선거구 경선에서 패배한 노용호 비례대표 의원과 12일 결선 투표 결과를 기다리는 춘천을 한기호 의원 등 2명을 제외하고 도내 현역(지역구 8명·비례 1명)의원 9명 중 7명이 본선에서 뛰고 있다. 국민의힘에선 권성동·이철규·이양수·유상범·박정하 의원이, 민주당에선 송기헌·허영 의원이 일찌감치 본선행을 확정지었다. 춘천을 선거구 현역의원인 한 의원의 결선투표 결과에 따라 도내 현역의원 교체폭이 최종 결정된다. 도내 현역의원들에 맞서 원외후보들은 ‘새 인물론’을 통한 변화에 중점을 두고 표심을 공략하고 있다. ■총선 성적표, 차기 대권까지 영향 여·야 총선 사령탑인 국민의힘 한동훈 비상대책위원장과 민주당 이재명 당대표의 총선 성적표 역시 관심사다. 이는 그대로, 차기 대선 가도와 직결되기 때문이다. 2022년 3월 치러진 20대 대선 당시 윤석열 대통령은 0.73%p 차로 신승한 반면, 강원도에선 민주당 이재명 후보와의 격차를 12.46%p 벌리는 등 강원대선 표심은 사실상 캐스팅보트가 됐다. 이세훈"
의대정원 증원 높아진 경쟁률에 도내 대학 고심,https://v.daum.net/v/20240311000621777,"속보=전국 40개 의대가 3401명을 증원 신청(본지 3월 6일자 1면)하면서 강원도내 대학들의 고민이 깊어졌다. 정부는 4월 내로 정원 배정을 마무리 할 예정인 가운데 강원지역 의대 4곳이 실제 얼마나 증원에 성공할 수 있을지 결과가 주목된다. 최근 정부는 교육부와 복지부 관계자 등이 참여하는 배정위원회를 구성했다. 해당 위원회는 각 의대의 증원 규모를 결정한다. 정원 배분 절차는 다음 달 내로 마무리될 전망인 가운데 위원회가 학교별 의대 정원을 정하면, 각 학교가 학칙을 수정해 이를 입시 요강에 반영하게 된다. 이어 한국대학교육협의회 승인에 따라 2025학년도 대입시행계획에 증원 내용이 담기게 된다. 정부가 의대 정원 증원 배분 절차에 착수하면서 각 대학이 얼마나 정원이 확대될 수 있을지 관심이다. 앞서 전국 40개 대학이 신청한 의대 증원 규모는 총 3401명이다. 강원지역에서는 강원대가 기존 49명에서 91명 늘어난 140명을 신청했고, 가톨릭관동대는 기존 입학 정원(49명)의 2배인 100명을, 한림대(76명)와 연세대 원주의대(93명)는 30여 명 증원을 제출했다. 당초 정부가 밝힌 증원 규모는 2000명이었으나 40개 대학의 증원 요구는 이를 크게 초과(3401명)하면서 증원 규모를 두고 대학 간 경쟁이 불가피해졌다. 정부는 구체적인 증원 기준을 밝히지는 않았다. 그러나 이번 의대 증원의 취지가 지방의료 인프라 확충에 있는 만큼, 현 정원이 50명을 넘지 않는 지역 소규모 의대에 배정이 우선시 될 것이란 전망이 제기된다. 대학들 역시 이 같은 기대감을 반영, 이번 증원 신청 결과 지방대 의대가 신청한 증원 규모는 전체의 72%에 달했다. 대학들의 증원 희망 규모가 예상치를 크게 웃돌면서 강원도내 대학들의 셈법도 복잡해졌다. 의대 구성원들이 정부 방침에 반발하는 상황에서 이들의 반대를 무릅쓰고 증원을 신청했으나, 원하는 정원을 받아내지 못할 가능성이 커졌기 때문이다. 정부는 각 대학이 예상치를 초과하는 3401명 증원을 희망함에도 당초 목표치인 2000명 이상을 증원하지는 않을 전망이다. A대학 관계자는 “원하는 증원 규모를 못 얻어낼 수도 있어 걱정스러운 상황”이라며 “의대 교수들과 학생들도 우리 대학 구성원이다. 계속 볼 사이인데 이들과 척질 수는 없다 보니 증원에 있어 굉장히 조심스럽다”고 말했다. 정민엽 jmy4096@kado.net"
[날씨] 전국 대부분 눈비‥ 빙판길 주의,https://v.daum.net/v/20240311001308897,"자료사진 제공 : 연합뉴스
           

 월요일인 오늘(11) 오후부터 전국 대부분 지역에 비 또는 눈이 오겠고, 곳곳이 흐리겠습니다.
눈비가 내일까지 이어질 것으로 예보돼 빙판길이나 도로 살얼음을 주의해야겠습니다.
아침 최저기온은 서울 2도, 대구 1도 등 전국이 영하 2도에서 5도, 낮 최고기온은 수원 11도, 부산 14도 등 전국이 10에서 15도가 되겠습니다.
바다의 물결은 동해와 남해 앞바다에서 최대 1m, 서해 앞바다에서 최대 1.5m로 일겠습니다.
유서영 기자(rsy@mbc.co.kr)
기사 원문 - https://imnews.imbc.com/news/2024/society/article/6578527_36438.html"
‘금값’된 과일·채소에 연초 식료품 물가 6.7% ‘지붕킥’,https://v.daum.net/v/20240311000518690,"10일 서울 한 전통시장에 과일과 채소가 진열돼 있다. 연초부터 농산물 가격이 고공행진하는 가운데 한국농촌경제연구원은 이달에도 토마토, 딸기, 참외 등 과실류와 애호박, 오이 등 채소류 가격이 상승할 것으로 내다봤다. 이한형 기자
           

연초부터 고공행진하는 식료품 물가에 장바구니 부담이 커지고 있다. 작황 부진에 병충해 등이 겹쳐 이달도 농산물 가격 상승세가 계속될 것으로 전망돼 애그플레이션(농산물 가격 상승으로 인한 물가 부담) 경고등이 켜졌다.
10일 통계청에 따르면 지난 1~2월 식료품 물가지수는 1년 전 같은 기간보다 6.7% 상승했다. 1~2월 기준 2021년(8.3%) 이후 가장 큰 상승 폭이다.
월별 식료품 물가 상승률은 지난해 11월 이후 6%대를 유지했으나 지난달 7.3%로 뛰었다. 식료품 물가 상승률이 7%대를 기록한 것은 2022년 10월 이후 1년4개월 만이다.
식료품 물가 상승 원인 중 하나는 과일 가격 급등이다. 작황 부진으로 사과 가격이 오른 데다 대체재인 귤 등의 가격도 함께 상승해 과일 물가가 크게 뛰었다. 지난달 과일 물가지수는 1년 전보다 38.3% 올랐다.
문제는 과일 가격이 진정될 기미가 보이지 않는다는 점이다. 한국농촌경제연구원이 지난 5일 발간한 보고서 ‘농업관측 3월호’에 따르면 토마토, 딸기, 참외 등 과실류와 애호박, 오이 등 채소류 가격이 이달에도 상승할 전망이다.
보고서는 토마토 도매가격이 1년 전보다 43.9% 상승해 5㎏당 2만3000원에 이를 것으로 전망했다. 이는 평년(2019~2023년 중 최대·최소를 제외한 3년간의 평균치)과 비교해도 51.8% 비싼 수준이다. 대추방울토마토 도매가격 또한 지난해보다 11.2%, 평년보다 34.1% 오를 것으로 예상된다.
주요 원인은 출하량 감소다. 1~2월 생육기 일조시간이 부족해 열매가 달리는 비율(착과율)이 낮아져 토마토 출하량이 줄었다. 잦은 강우로 역병, 잿빛곰팡이가 발생한 대추방울토마토 증가도 출하량 감소로 이어졌다.
농산물 가격 상승도 전망된다. 보고서는 대파의 이달 도매가격이 ㎏당 2950원으로 지난해 같은 기간보다 50.5% 오를 것으로 봤다. 배추는 36.8%, 빨강파프리카는 14.9% 상승할 것으로 예상했다.
세종=권민지 기자 10000g@kmib.co.kr
GoodNews paper ⓒ 국민일보(www.kmib.co.kr), 무단전재 및 수집, 재배포금지"
중국 이제 직접 만든 여객기 동남아로 띄우네,https://v.daum.net/v/20240311000318660,"중국이 자체 개발한 첫 번째 여객기 C919가 국제무대로 활동영역을 넓히고 있다.
11일 업계에 따르면 중국 국영기업 중국상용항공기(COMAC)은 지난달 싱가포르 에어쇼에서 2022년 제작한 첫 국산 항공기인 C919를 선보였다. 중국 자체제작 항공기가 국제무대에 전시된 건 이번이 처음이다.
중국상용항공기는 최근 동남아시아 시험 운항 계획도 밝혔다. 회사 관계자는 “싱가포르 에어쇼 참석을 마친 C919와 ARJ21이 향후 2주간 베트남, 라오스, 캄보디아, 말레이시아, 인도네시아 등 5개국에서 시연 비행을 전개한다”고 설명했다.
C919와 ARJ21이 시범 운항에 나선다. 이 비행기들은 동남아에서 공항과 항로 등에 잘 적응하는지, 각지 공항의 지상 서비스에 장비가 적합한지, 특수 비행 프로그램이 잘 적용됐는지 등을 검증받게 된다.
C919는 중국상용항공기가 연구 개발에 나선 지 16년 만에 자체 기술로 생산에 성공한 중국의 첫 국산 중형 여객기다. 기내 통로가 중앙에 하나인 단일 통로로 좌석 규모는 158∼168석이다. 항속거리는 4075~5555㎞ 정도다.
C919가 해외에서 비행에 나서는 건 처음이다. 2023년 5월 첫 상업비행 이후 중국 내 노선에서만 활약해왔다. 지난달 29일 기준 중국동방항공은 1131회의 상업비행을 완료하고, 3272시간의 안전 비행시간을 누적했다고 밝히기도 했다.
ARJ21은 C919에 비해 규모가 작은 여객기다. 78~97명의 승객을 태울 수 있고, 2225~3700km를 운항할 수 있다. 2016년 6월 상업 운항을 시작해 1100만명 이상을 수송했다. 이 비행기는 인도네시아 저가항공사가 구매한 바 있다.
중국상용항공기는 시험비행을 토대로 동남아 시장 개척에 발판을 마련한다는 방침이다. 싱가포르의 항공 컨설턴트 기업인 엔다우 애널리틱스의 슈코르 유소프 대표는 “미국과 유럽 항공 규제기관의 인증을 받지 못했다는 단점이 있지만 중국에 정치적으로 우호적인 동남아, 아프리카 중앙아시아 국가에 어필할 수 있는 잠재력이 있다”고 평가했다.
허경구 기자 nine@kmib.co.kr
GoodNews paper ⓒ 국민일보(www.kmib.co.kr), 무단전재 및 수집, 재배포금지"
"[격동의 황제주⑩] '1주당 200만원' 역사 썼던 아모레, '아메리칸드림' 노린다",https://v.daum.net/v/20240311000122638,"지난 2014년 8월 13일 214만9000원까지 치솟아중국 실적 아쉽지만…증권가 ""북미시장 성장 기대""



            2014년 장중 한때 214만9000원까지 올랐던 아모레퍼시픽은 최근 '아메리칸드림'을 향해 도약하고 있다. /더팩트 DB
           


한때 1주당 100만 원을 호가하며 황제주 반열에 오른 종목들이 있다. 국내 증시 역사상 황제주 자리에 올랐던 종목은 코스피 11개, 코스닥 5개 등 도합 16개 종목이다. 높은 가격만큼 투자자와 시장의 뜨거운 관심을 받았지만 현재 국내시장에서 황제주는 자취를 감췄다. 경영진을 둘러싼 논란, 실적 또는 업황 악화, 물적분할 등 왕좌를 내려놓은 이유는 다양하다. 최근에는 고금리·고유가·고환율 '3고' 우려와 이스라엘·하마스 전쟁과 같은 중동발 리스크 등 여러 악재가 겹치면서 증시가 맥을 추지 못하고 있다. 한때 황제주로 위상을 뽐냈으나 여러 가지 복합적 이유로 현재는 몸집을 줄인 격동의 종목들을 다각도로 조명한다. <편집자주>

[더팩트ㅣ송주원 기자] 지난 2010년 6월 15일 아모레퍼시픽은 종가 100만2000원을 기록하며 황제주에 등극했다. 장중에는 102만8000원까지 뛰었다. 2014년에는 사상 처음으로 주가 200만원대를 돌파하며 새 역사를 썼다. 당해 8월 12일 198만원으로 거래를 마쳤던 아모레퍼시픽은 13일 개장하자마자 단숨에 200만원대로 올라섰다. 장중 한때 214만9000원까지 뛰며 사상 최고가 기록을 갈아치웠고, 종가는 전날보다 4.44% 오른 206만8000원을 기록했다. 아모레퍼시픽은 당시 1주당 가격이 가장 비싼 황제주였다. 그야말로 '아모레퍼시픽 전성시대'였다.
당시 국내 화장품 업계가 호황은 아니었다. 2014년 2분기에 세월호 참사로 소비심리가 위축되고 원화 강세 현상이 심화되면서 업황에 부정적인 영향을 미쳤다. 그럼에도 아모레퍼시픽에 투자자들의 관심이 쏠린 이유는 중국과 면세점 성장에 따른 실적 성장 때문이었다. 한류 열풍으로 중국 관광객 '요우커'가 국내 화장품 업계의 '큰손'으로 떠올랐다.
서울 명동의 화장품 판매장에는 중국인을 비롯한 외국 관광객이 북적거리는 풍경은 예사였다. 세월호 참사 이후인 2014년 3분기에도 아모레퍼시픽의 중국 매출은 전년 동기 대비 38% 증가했다. 화장품 매출 가운데 면세점 비중도 2013년 13.2%에서 2014년 3분기에는 19.5%로 급성장했다. 면세점 매출액은 약 1960억원으로 2013년 3분기보다 100.3% 급증했다.
◆ ""유동성 개선·거래 활성화 목표""…5000→500원 액면분할 추진
상승가도를 달리던 아모레퍼시픽은 황제주 입성 5년여 만에 액면분할을 결정했다. 유통 주식수 확대에 따른 유동성 개선과 거래 활성화를 통한 주주가치 제고가 목적이었다.
2015년 3월 3일 아모레퍼시픽은 5000원이었던 주식 액면가를 종전 대비 10분의 1인 500원으로 분할할 계획이라고 공시했다. 액면분할 절차 바로 직전일인 2015년 4월 21일 38만8500원이었던 아모레퍼시픽 주가가 37만6500원으로 탈바꿈하게 된 것이다. 아모레퍼시픽 우선주와 아모레G(아모레퍼시픽그룹의 지주회사) 일반주, 아모레G 우선주 역시 5000원이었던 액면가가 500원으로 분할되면서 주가가 10분의 1 가격으로 내려가게 됐다.
아모레퍼시픽의 계획은 성공적이었다. 2015년 5월 8일 주식시장에 분할 재상장한 아모레퍼시픽의 5~7월 일평균 거래량은 35만주까지 뛰었다. 2014년 1만6000주 수준이었던 것과 견주면 22배가량 폭증한 셈이다. 한국거래소에 따르면 액면분할 전(1월 7일~3월 2일)과 변경상장 후(5월 8일~5월 27일)를 비교하면 아모레퍼시픽과 아모레G의 일평균 거래량은 각각 175.0%와 104.8% 늘었다. 동기간 주가는 각각 42.6%, 39.6% 상승했다.
2015년 5월 31일 한국거래소는 액면분할 변경 상장 이후 한 달간 아모레퍼시픽과 아모레G의 개인투자자 거래량 비중이 각각 120.6%, 112.5% 늘었다고 밝혔다. 특히 개인투자자 순매수 규모는 아모레퍼시픽의 경우 액면분할 결정 전 1만3000주에서 변경 상장 공시 후 61만8000주(4816.5%)로 증가한 것으로 파악됐다. 아모레G의 개인 투자자 순매수는 액면분할 결정전 1만2000주에서 45만5000주(3763.9%)로 늘었다. 액면분할로 개인투자자의 접근성이 높아져 순매수 규모가 증가함에 따라 정부가 추진 중인 배당 확대 정책이 가계소득으로 연결되는데 용이한 구조가 된 것이다.
◆ 메르스·사드·코로나 직격탄에 '주춤'…주가 11만원선 횡보
다만, 유동성과 별개로 아모레퍼시픽의 주가는 메르스(MERS·중동호흡기증후군)라는 외부적 요인으로 롤러코스터를 탔다. 메르스 환자가 국내에 처음 발생한 2015년 5월에는 11일과 13일, 15일, 18일, 27일, 29일을 빼고 모두 주가가 하락했다.
2016년에는 사드(THAAD·고고도미사일방어체계)를 경북 성주군에 배치하기로 결정하면서 주가 하락세를 면치 못했다. 배치 결정에 반발한 중국이 한류 콘텐츠 유통을 차단하거나, 중국인 여행객의 한국 관광을 제한하는 등 직∙간접적인 경제적인 보복 조치를 본격화한 것이다. 주가는 2017년 마지막 거래일인 12월 28일 종가가 30만4500원으로 사드 배치 결정 직전 44만1000원과 비교해 31.0% 떨어졌다.
2019년 연말에는 중국 후베이성 우한시를 기점으로 창궐한 코로나19의 여파로 관광객이 한국을 오가는 하늘길이 사실상 끊기면서 다시 직격타를 맞았다. 아모레퍼시픽은 팬데믹 2년 차인 2021년 업계 1위 자리를 LG생활건강에 1조6000억원 차이로 내줬다. 
중국 소비층의 변화도 아모레퍼시픽에 악재로 작용했다. 1990년대 이후 태어난 신세대 여성은 맹목적으로 해외 브랜드를 선호하기보다 '가성비'를 챙기며 국내산(중국산)을 이용하자는 애국 소비 경향을 보였다. 중국 시장 내 프랑스·일본 화장품 시장의 약진도 따라잡지 못했다. 2016년부터 3년 연속 중국 화장품 수입 시장을 선도했던 한국이지만 2019년에는 일본과 프랑스에 밀려 3위를 기록했다.
2019년 첫 거래일에 19만3500원으로 출발했던 아모레퍼시픽의 주가는 그해 8월 27일 12만2000원선까지 떨어졌다. 겨울 특수로 12월 30일에는 20만원으로 올랐지만 이후 한동안 사그라지지 않은 팬데믹 여파와 중국 시장에서의 부진으로 꾸준히 하락해 최근에는 11만원대를 호가하고 있다. 이달 8일 아모레퍼시픽은 전 거래일 대비 0.62%(700원) 하락한 11만2000원에 거래를 마쳤다.



            아모레퍼시픽 주가는 한동안 사그라지지 않은 팬데믹 여파와 중국 시장에서의 부진으로 꾸준히 하락했다. 최근에는 11만대에서 횡보하고 있다. /더팩트 DB
           


◆ '중국몽'보다 '아메리칸드림'…코스알엑스 인수에 기대감 'UP'

수차례 부침을 겪었지만, 아모레퍼시픽의 주가에도 희망은 있다. 바로 '북미 시장 선점'이다. 실제로 아모레퍼시픽은 지난해 1월 북미 사업 강화를 위해 스타벅스와 아마존을 거친 문혜영 부사장을 미주사업총괄로 영입했다. 문 부사장은 아마존에서 글로벌 마케팅을 총괄하고 스타벅스에선 디지털 전환 업무를 성공적으로 수행한 경험이 있다.
스킨케어 브랜드 코스알엑스(COSRX) 인수도 북미 시장 확장에 힘을 싣는 대목이다. 코스알엑스는 지난해 매출 중 90% 이상이 북미와 유럽, 일본 등 비 중국권에서 나왔다. 아모레퍼시픽은 다음 달 30일 6080억원을 투입해 코스알엑스 지분 47%를 추가 취득하고, 2025년에는 잔여 지분인 10.6%를 취득하며 지분 100%를 확보할 계획이다. 아모레퍼시픽은 지난 2021년 코스알엑스에 1800억원을 투자해 지분 38.4%를 확보하면서 잔여 지분 57.6%를 매수할 수 있는 콜옵션을 받았다.
아울러 아모레퍼시픽은 라네즈·이니스프리 등과 함께 시너지를 강화하는 방향으로 북미 사업을 키울 방침이다. 아모레퍼시픽 관계자는 ""(북미 시장에서) 라네즈를 필두로 설화수, 마몽드, 이니스프리 모두 긍정적인 모습을 보이고 있고 북미시장 세포라에 성공적으로 안착한 만큼 제품도 늘리고 프로모션을 강화할 예정이다. 최근에는 미국 유명배우 시드니 스위니를 엠배서더로 발탁해 활용하며 미국 시장을 공략하고 있다""며 ""채널적으로는 7~8년 전의 오프라인 중심 운영이 아닌 아마존, 세포라 등 대형 플랫폼과 적극적인 협업 전략을 가져가고 있다. 지금 가지고 있는 좋은 기조로 지속적으로 고객을 확대해 나갈 예정""이라고 말했다.



            2014년 3월 8일~2024년 3월 8일 아모레퍼시픽의 주가 차트. /한국거래소 정보데이터시스템 갈무리
           


◆ 증권가 ""아모레퍼시픽, 다시금 바닥 다질 것"" 기대감↑
          
증권가에서도 코스알엑스 편입에 대한 기대감을 높이는 분위기다. 올해 북미 시장을 공략 브랜드로 내세운 라네즈의 인기도 돋보인다. 라네즈는 해외에서 비교적 인지도가 높은 설화수보다 한 단계 낮은 프리미엄이지만 북미 매출 비중이 2021년 5% 수준에서 2023년 25%까지 높아졌다.
조소정 키움증권 연구원은 ""아모레퍼시픽의 중국 법인은 현지 수요 위축뿐 아니라, 설화수 제품 리뉴얼로 인한 온라인 채널 재고 조정, 오프라인 매장 축소 등 영향으로 매출이 감소할 것으로 예상한다. 매출 감소와 재고 조정 영향으로 적자를 기록할 가능성이 높다""면서도 ""북미 채널은 가파른 성장이 기대된다. 라네즈의 성장 트렌드가 지속될 전망이고 5월부터는 코스알엑스의 연결 실적 편입이 예정되어 있기 때문""이라고 전망했다.
배송이 미래에셋증권 연구원 역시 ""중국 적자가 계획만큼 빠르게 축소되지 않을 것으로 보인다""면서도 ""코스알엑스 실적이 예상을 상회하면서 기대감은 더욱 코스알엑스로 집중되겠다""고 관측했다.
한유정 한화투자증권 연구원도 ""중국 법인은 외형 성장보다 수익성 회복이 우선되어야 한다고 판단한다. 매출보다 이익에서 중국 법인의 부정적 존재감이 부각되고 있는 만큼 중국 법인의 흑자 전환이 향후 주가 반등의 핵심 요인으로 작용할 것으로 판단한다""며 ""라네즈의 북미 매출 고성장 지속이 기대되는 점, 올 5월 연결 편입 예정인 코스알엑스의 진출 국가를 통한 고성장이 예정된 점을 감안하면 단기간 급락한 아모레퍼시픽은 다시금 바닥을 잡아갈 것으로 예상한다""고 말했다.
ilraoh@tf.co.kr
발로 뛰는 더팩트는 24시간 여러분의 제보를 기다립니다.▶카카오톡: '더팩트제보' 검색▶이메일: jebo@tf.co.kr▶뉴스 홈페이지: http://talk.tf.co.kr/bbs/report/write"
"[의대증원 파장] 100년 의사 대표단체 의협 '시험대'…""전공의 대변 한계"" 지적도",https://v.daum.net/v/20240311000047628,"의사는 자동 가입…제1 의사단체개원의 중심, 교수·봉직의 참여 한계



            의과대학 증원 추진을 놓고 정부와 의사 간 갈등이 격화하면서 대한의사협회(의협)가 위기에 놓였다. 경찰이 전공의 집단행동의 배후로 의협 전·현직 간부들을 지목하고 수사에 박차를 가하는 가운데 정부는 의협의 대표성에 의문까지 제기하며 대화 가능성을 일축했다. 김택우 의협 비상책위원장 겸 투쟁위원장(왼쪽 네 번째)이 지난달 17일 오후 서울 용산구 의협에서 열린 '의대 정원 증원 저지 비상대책위원회의'에서 모두발언을 하고 있다. /장윤석 기자
           


[더팩트┃박준형·조소현 기자] 의과대학 증원 추진을 놓고 정부와 의사 간 갈등이 격화하면서 대한의사협회(의협)가 시험대에 놓였다. 경찰이 전공의 집단행동의 배후로 의협 전·현직 간부들을 지목하고 수사에 박차를 가하는 가운데 정부는 의협 대표성에 의문까지 제기하며 대화 가능성을 일축했다. 의협은 명실상부 대한민국 모든 의사가 소속돼 있는 제1의 의사단체다. 다만 의료계 안팎에선 개원의 중심으로 운영되는 의협의 한계도 지적하면서 변화의 필요성을 제기한다.
          
11일 의료계에 따르면 의협은 1908년 11월15일 창립한 의사연구회를 모태로 한다. 이후 1915년 12년11월 한성의사회, 1930년 2월21일 조선의사협회로 명맥을 이어가다 일제에 의해 강제 해산됐다.
해방 이후 1947년 5월10일 전국의사회 중앙회로 조선의학협회가 창립된 후 1948년 9월21일 대한의학협회로 개칭했다. 1995년 5월26일에는 대한의사협회로 명칭을 변경, 현재에 이르고 있다.
의협은 의료법 28조에 근거한 법정단체다. 대한민국 모든 의사는 의사 면허를 받는 순간 의협에 자동 가입된다. 개원의뿐만 아니라 봉직의, 교수, 군진의 등 의료계 전 직역 13만7754명 의사를 대표하는 단체다. 산하에 개원의협외희와 전공의협의회, 병원의사협의회, 병원장협의회 등이 속해 있다.
일각에선 개원의만 대변하는 단체라는 지적도 받아왔다. 전체 회원 중 개원의는 2만7243명에 불과하지만 의협 조직이나 회원 구성이 개원의 중심으로 운영되고 있다는 것이다.
전체 회원 절반 정도에 해당하는 6만6770명이 교수, 봉직의 등이지만 이들의 참여는 미미한 수준으로 알려졌다. 교수나 봉직의는 의협이 아닌 소속 병원이나 학회, 협의회 등에 소속감을 갖는다는 평가도 있다.
의료계 안팎에선 의협이 전공의들 입장을 대변하기엔 역부족이란 평가도 나온다. 지난 2020년 정부의 의대 증원 추진 무산은 전공의들 집단행동이 결정적이었다. 당시 개원의 중심 의협의 집단휴진 참여율은 채 10%가 되지 않았다. 반면 전공의들은 80% 이상이 의료현장을 이탈했다.



            서울시의사회 소속 의사들이 15일 오후 서울 용산구 대통령실 앞에서 열린 '의대정원 증원 · 필수의료패키지 저지를 위한 궐기대회'에 참석해 피켓을 들고 있다. /장윤석 기자
           


의사들은 의협의 대표성은 인정하면서도 변화가 필요하다는 데 대체로 공감했다. 서울 지역 한 개원의는 ""그동안 의협이 개원의 중심으로 운영되는 경향이 있다 보니 오해를 사는 면이 있다""며 ""개원의 중심의 의협에서 각 직역이 함께하는 의협으로 변신이 필요하다""고 말했다.
          
경기도 한 개원의는 ""정부가 의협의 대표성을 갖고 시비를 거는 것은 다분히 의도적""이라면서도 ""의협이 대표성을 갖고 있는 것과는 별개로 사실 신뢰도가 높지는 다""고 말했다. 이어 ""의협이 개원의 중심이라 교수들이 무시하는 경향이 있다""며 ""이번에도 의협이 직접 나서 처절하게 싸우지는 않을 것""이라고 내다봤다.
정부는 지난달 ""의협은 의료계의 대표성을 갖고 있다고 주장하지만 접촉해 말씀을 들어보면 의협이 대표성을 갖기는 좀 어렵다""고 대표성에 의문 부호를 달았다. 서울경찰청 공공범죄수사대는 의협 전·현직 간부 5명 수사에 박차를 가하고 있다. 이들은 전공의들 집단사직을 교사·방조한 혐의로 보건복지부로부터 고발당했다.
jun@tf.co.kr
발로 뛰는 더팩트는 24시간 여러분의 제보를 기다립니다.▶카카오톡: '더팩트제보' 검색▶이메일: jebo@tf.co.kr▶뉴스 홈페이지: http://talk.tf.co.kr/bbs/report/write"
"교황, 두 전쟁에 ""협상은 항복 아니라 용기""…우크라 협상 종용",https://v.daum.net/v/20240310230726266,"[바티칸=AP/뉴시스]프란치스코 교황이 31일(현지시간) 바티칸에서 성 베드로 성전 앞에 선 모습. 2024.01.01.
           

 [서울=뉴시스] 이명동 기자 = 프란치스코 교황이 우크라이나 전쟁과 이스라엘과 팔레스타인 무장 정파 하마스 사이 충돌을 언급하면서 협상을 종용했다.
프란치스코 교황은 9일(현지시간) 공개된 스위스 공영방송 RTS와 인터뷰에서 두 전쟁을 놓고 ""협상은 결코 항복이 아니다. 한 나라를 자살 행위로 몰고 가지 않는 것은 용기""라고 견해를 밝혔다. 방송된 인터뷰는 지난달 초 바티칸에서 진행된 녹화본이었다.
그는 우크라이나 내부에서 러시아와 협상해야 한다는 의견과 무력으로 대응해야 한다는 의견이 양분한 상태와 관련해 협상을 해법으로 제시했다.
그러면서 ""오늘날 예를 들어 우크라이나 전쟁과 관련해 중재자 역할을 자처하는 인물이 많다. 튀르키예가 그 예시""라며 ""상황이 더 악화하기 전에 협상하는 것을 부끄러워하지 말라""고 말했다.
아울러 ""상황을 보면서 국민을 생각하며 백기를 들고 협상할 용기가 있는 사람이 가장 강하다고 믿는다""면서 ""협상이라는 단어는 용감한 단어다. 당신이 패배하고, 일이 풀리지 않는다는 것을 알았을 때 용기를 내어 협상할 수 있어야 한다""며 주장했다. 



            [서울=뉴시스] 블라디미르 푸틴(왼쪽) 러시아 대통령과 볼로디미르 젤렌스키 우크라이나 대통령의 모습. (사진=뉴시스DB) 2024.03.10. photo@newsis.com
           

 이는 레제프 타이이프 에르도안 튀르키예 대통령이 우크라이나와 러시아의 평화협상을 계속해서 띄우는 가운데 나왔다. 동시에 우크라이나가 전선 상황이 밀린다는 점을 염두에 둔 발언으로 보인다. 사실상 볼로디미르 젤렌스키 우크라이나 대통령이 수세를 인정하고 블라디미르 푸틴 러시아 대통령과 협상에 나서고 완곡하게 표현한 셈이다.
프란치스코 교황의 이 같은 인터뷰가 공개된 뒤 젤렌스키 대통령 측은 논평 요청에 즉각 응하지 않았다고 텔레그래프가 전했다.
젤렌스키 대통령은 평화를 원하지만 영토를 조금도 러시아에 내어줄 수 없다는 입장이다. 러시아 측은 이 같은 조건으로는 평화를 논의할 수 없다는 태도를 견지하고 있다.
젤렌스키 대변인은 교황의 발언에 대한 논평 요청에 즉각 응하지 않았다.
프란치스코 교황은 이스라엘과 하마스 충돌과 관련한 질문에는 양측 모두 강하게 비판했다.
그는 ""전쟁은 한쪽이 아니라 양쪽이 하는 것""이라며 ""무책임한 것은 전쟁는 양측""이라고 몰아붙였다.
☞공감언론 뉴시스 ddingdong@newsis.com"
"'금천' 강성만 선거사무소 개소식…""변화 필요한 금천, 한번은 바꿔달라""",https://v.daum.net/v/20240310222843033,"강성만 국민의힘 서울 금천 국회의원 후보가 9일 오후 서울 금천구에서 열린 선거사무소 개소식에서 인사말을 하고 있다. ⓒ강성만 캠프
           

강성만 국민의힘 서울 금천 국회의원 후보가 선거사무소 개소식을 통해 총선 행보를 본격화했다.
10일 정치권에 따르면 강성만 후보는 전날 오후 서울 금천구 독산동 소재 건물에서 개소식을 열어 ""변화가 필요한 금천을 한번은 바꿔달라""라고 목소리를 높였다. 금천은 12년간 서울이라고 말하기 부끄러울 정도로 낙후됐고, 이에 '미래를 말할 수 있는 금천을 만들어 나가겠다'는 것이 그가 이번 총선에 임하면서 밝힌 포부다.
보수정당에 있어 금천 지역구는 험지에 속하지만, 개소식에는 400여 명이 넘는 주민이 모여들었다.
강 후보는 ""선거에서 무조건 민주당만 찍으면 즐길 뿐 일을 하지 않는다""며 ""일 잘하면 기회를 더 주고, 못하면 바꾸는 것이 선거""라고 변화의 필요성을 촉구했다.
또 지역구 현안인 종합병원 설립이 지지부진한 것에 대해선 ""구민을 상대로 사기를 친 것이 아니겠느냐""라며 강도 높게 비판했다. 그는 ""지방선거 한 달 전에 기공식을 했는데 지금 2년이 지나도 변화가 없다""며 ""도시를 바꾸는 것은 교육과 주거 그리고 교통과 생활편의시설""이라고 했다.
독산동 공군부대 이전과 관련해선 ""군부대가 옮겨가는 것은 이전지 주민들의 민원 때문에 현실성이 없다""면서 ""부대를 축소하거나 지하에 넣고 땅을 활용하는 것이 가장 현실적이다""고 제시했다.
아울러 ""지방선거에서도 공천관리위원으로 깨끗한 공천을 했고 지금까지 올바른 정치를 해왔다""고 자임하면서 ""어려운 곳에서 일할 수 있는 기회를 준 것 하나만을 명예로 알고 모든 것을 쏟아 헌신하겠다""고 힘줘 말했다.
개소식 축사자로는 △김선동 서울 도봉을 후보 △태영호 서울 구로을 후보 △조은희 서울 서초갑 후보 △유종필 서울 관악갑 후보 △박용찬 서울 영등포을 후보 △장진영 서울 동작갑 후보 △이성심 전 구로구의장 등이 자리했다.
또 △나경원 서울 동작을 후보 △안철수 경기 분당갑 후보 △윤상현 인천 동미추홀을 후보가 영상 축사를, 김기현 울산 남을 후보가 축전을 보냈다.



            9일 오후 서울 금천구에서 열린 강성만 국민의힘 금천 국회의원 후보 선거사무소 개소식에 지지자와 지역 관계자들이 참석해있다. ⓒ강성만 캠프
           

금천은 18대 총선 안형환 한나라당(국민의힘 전신) 의원 이후 줄곧 민주당계 의원들이 당선돼온 지역구다.
이번 4·10 총선에서는 강 후보가 지역구 현역인 최기상 더불어민주당 의원과 리턴매치를 치른다. 20대 지역 국회의원을 지낸 이훈 전 의원이 민주당에서 탈당해 새로운미래에 합류하면서, 3자 구도가 펼쳐질지 여부도 관전포인트다.
강 후보는 전남 신안 출신으로 광주일보 기자를 지냈다. 동계동계 한화갑 전 의원의 보좌관으로 정치에 입문했으며 농림부 장관정책보좌관, 이명박 정부 당시 국립박물관문화재단 사장을 거쳤다. 강 후보는 2017년부터 서울 금천 국민의힘 당협위원장으로 활동했다."
오세훈 서울의 화두 '브랜드'…광화문 해치도 재단장,https://v.daum.net/v/20240311000055630,"오세훈 ""매력도시 서울 본격 실현"" 강조



            서울이 도시 브랜드를 강화하기 위해 속도를 내고 있다. 오세훈 시장이 2월 1일 동대문디자인플라자(DDP)에서 열리는 '2024 서울패션위크 해치벌룬'에서 포즈를 취하고 있다. /서울시
           


[더팩트ㅣ장혜승 기자] 오세훈 서울시장이 새 브랜드 '서울마이소울'과 서울색 개발에 이어 15년 만에 대표 캐릭터 '해치'를 새단장하며 브랜드 강화에 한창이다.
          
서울시는 최근 서울 상징 캐릭터 해치를 15년 만에 새단장해 상품(굿즈)을 선보였다.
해치는 오세훈 시장이 과거 임기 때인 2008년 시 상징물로 지정했고 이듬해 공식발표했다. 이번에 15년 만에 트렌드에 맞는 새 캐릭터로 재탄생했다.
2021년 해치 인지도가 30% 이하로 낮게 나타나는 등 혁신과 경쟁력 확보 계기가 필요했다. 그동안 시는 해치송과 애니메이션, 굿즈 등으로 홍보에 힘썼으나 활용범위가 점차 축소되며 시민들에게도 멀어지는 상황이었다.
시는 지난달 해치의 소울프렌즈 청룡·백호·주작·현무 캐릭터를 추가 개발해 '해치 앤 소울프렌즈 굿즈'를 선보였다. 노트와 포스트잇 메모지, 머그컵 등 시민들이 쉽게 구매할 수 있는 아이템들도 DDP디자인스토어 오프라인 매장과 온라인몰에서 판매하고 있다.
이런 해치를 다시 시민 누구나 익숙하고 친근한 캐릭터로 자리매김한다는 것이 오 시장의 목표다.
오 시장은 ""서울시민의 사랑을 받던 해치의 인지도를 다시금 높이고 세계인이 주목하는 글로벌 캐릭터로 발전시키는 것이 새단장의 목적""이라며 ""서울의 매력을 고스란히 닮은 해치 캐릭터를 활용해 서울을 전세계에 알리고 도시경쟁력을 높이겠다""고 밝혔다.



            서울이 도시 브랜드를 강화하기 위해 속도를 내고 있다. 서울라면 이미지. /서울시
           


앞서서는 서울을 대표하는 색깔도 개발했다. 지난해 11월 올해의 서울색으로 '스카이코랄'을 공개하고 다양한 굿즈를 내놓는 등 홍보에 팔을 걷어붙였다. 오 시장의 핵심 구상인 '디자인서울' 정책의 하나다. 서울시민이 여가활동을 하기 위해 가장 많이 찾는 한강의 핑크빛 하늘에서 추출한 색상이다. 그는 지난 2008년에도 단청빨간색·꽃담황토색·한강은백색 등 10가지 서울색을 개발해 발표했다.
          
앞으로 서울 시내 주요 랜드마크와 굿즈를 통해 스카이코랄 색상을 접할 수 있도록 한다는 계획이다.
먼저 스카이코랄 색값으로 변환한 서울빛 조명을 남산서울타워, 롯데월드타워, DDP 등 랜드마크에 선보인다. 또 기업과 협업을 통해 엽서 타입의 서울 스탠다드 컬러북, 스카이코랄을 활용한 한정판 갤럭시워치 스트랩, 서울색 립스틱 등 상품을 개발한다. 시청 게이트 파사드에 서울색을 도장하는 방안도 추진 중이다.
브랜드 자체도 바꿨다. 지난해 기존 '아이서울유(I·SEOUL·U)'를 대체하는 '서울마이소울(Seoul, my soul)'을 발표했다.
'서울의 가치 찾기' 단어 공모전을 열고 시민이 생각하는 서울의 정체성을 도출해냈다. 이후 브랜드 슬로건을 개발하고 4가지 안에 대한 1·2차 선호도 조사를 시행해 최종 브랜드를 선정했다.
'마음이 모이면 서울이 된다'는 의미로 서울의 중심에는 시민이 있고, 서울을 향한 다양한 마음이 모여 더 좋은 서울을 만들어 간다는 뜻을 담았다.



            서울이 도시 브랜드를 강화하기 위해 속도를 내고 있다. 올해의 서울색으로 선정된 스카이코랄. /서울시
           


이후 이른바 '오세훈 후드티'로 알려진 회색 후드티 등 서울마이소울 굿즈가 좋은 반응을 얻고 있다. 후드티는 지난해 12월 광화문 크리스마스 마켓 시범판매에서 이틀 만에 판매가 완료됐고, 우산, 머그컵 등 다른 상품들도 완판 행진에 동참했다.
          
도쿄 바나나빵이나 호놀룰루 쿠키처럼 서울을 대표하는 식품을 목표로 서울라면도 출시했다. 풀무원과 합작해 지난달 출시한 서울라면은 '서울마이소울(Seoul, my soul)'을 전세계에 알리기 위한 서울굿즈의 하나다.
DDP 디자인스토어 등 서울굿즈 판매량 1위를 차지한 데 이어 성수동 서울 굿즈 팝업스토어에서 시식과 판매를 위해 준비한 5300봉이 나흘 만에 전량 소진될 만큼 인기를 끌었다.
서울시 관계자는 ""글로벌 매력도시 서울을 알리기 위해서 브랜드와 캐릭터가 있는 것""이라며 ""서울의 매력을 고스란히 닮은 캐릭터와 브랜드를 통해 서울을 전세계에 알리고 이를 통해 도시경쟁력을 높일 수 있을 것""이라고 말했다.
zzang@tf.co.kr
발로 뛰는 더팩트는 24시간 여러분의 제보를 기다립니다.▶카카오톡: '더팩트제보' 검색▶이메일: jebo@tf.co.kr▶뉴스 홈페이지: http://talk.tf.co.kr/bbs/report/write"
두 발로 ‘초속 3.3m’…가장 빠른 로봇은 나,https://v.daum.net/v/20240310214212680,"1초에 3.3ｍ를 달릴 수 있는 휴머노이드 로봇(사람 신체와 닮은 로봇)이 등장했다. 지금까지 선보인 모든 휴머노이드 로봇 가운데 가장 빨라 기네스북에 올랐다. 이 로봇은 물건을 옮기거나 계단을 오르는 동작도 능숙하게 실행할 수 있어 향후 일상생활에 로봇 활용이 늘어나는 계기가 될 것으로 보인다.
중국 기업 유니트리 로보틱스는 최근 자사가 개발한 휴머노이드 로봇인 ‘H1 V3.0 에볼루션’(사진)이 지면에서 초속 3.3ｍ로 달렸다고 밝혔다. 이는 100ｍ를 30초에 달리는 속도다.
보통 성인의 달리기 속도와 비교하면 비교적 느린 편이지만, 2족보행 로봇으로서는 처음 달성한 ‘고속 질주’다. 이 때문에 최근 H1 V3.0 에볼루션은 세계에서 가장 빠른 2족보행 로봇으로 기네스북에 올랐다. 이전까지 가장 빨랐던 2족보행 로봇은 초속 2.5ｍ로 달린 보스턴 다이내믹스의 ‘아틀라스’였다.
H1 V3.0 에볼루션은 키 180㎝, 중량은 47㎏이다. 사람처럼 상·하반신과 팔다리를 갖췄다. 동력은 전기 배터리에서 얻는다. 자율주행차에 들어가는 전방 식별 장비인 ‘라이다’와 원근감을 정확히 인식할 수 있는 고성능 카메라가 탑재된다.
이번에 유니트리 로보틱스가 인터넷에 공개한 H1 V3.0 에볼루션의 동영상을 보면 달리기 외에도 할 수 있는 동작이 많다. 바구니를 두 팔로 넘겨받은 뒤 몇 걸음 옆으로 이동해 테이블에 올려놓을 수 있다. 계단 4칸을 걸어 올라갔다가 방향을 바꿔 내려오는 모습도 묘사된다. 팔을 하늘로 치켜든 채 체조하듯 제자리에서 껑충 뛴 뒤 지면에 착지하는 동작도 가능하다. 관련 기술이 좀 더 진보한다면 사람을 보조해 노동력을 제공할 수도 있을 것으로 보인다.
유니트리 로보틱스는 공식 자료를 통해 “이번 로봇은 복잡한 인간의 동작을 모방할 수 있는 데 특징이 있다”고 밝혔다.
이정호 기자 run@kyunghyang.com"
"""백기 들고 협상""… 우크라 겨냥 교황 발언에 각국 비판 잇따라",https://v.daum.net/v/20240310231511302,"프란치스코(왼쪽) 교황과 볼로디미르 젤렌스키 우크라이나 대통령이 지난해 5월 바티칸에서 만나 악수를 하고 있다. 바티칸=로이터 연합뉴스
           

프란치스코 교황이 러시아와 전쟁 중인 우크라이나를 겨냥해 이른바 '백기 투항' 발언을 한 것을 두고 논란이 가시지 않고 있다. 교황청의 '해명'에도 유럽 정치인들을 중심으로 해당 발언에 대한 비판이 잇따르고 있다. 
로이터, AP 통신 등 외신에 따르면 교황은 9일(현지시간) 사전 공개된 스위스 공영방송 RTS와의 인터뷰에서 ""상황을 보며 국민을 생각하고 백기를 들고 협상할 용기가 있는 사람이 가장 강한 사람이라고 믿는다""라고 말했다. 그는 ""협상이라는 말은 용감한 말""이라며 ""패배하고 일이 잘 풀리지 않는 것을 볼 때 협상할 용기를 갖는 것""이라고 덧붙였다. 
그러면서 ""협상 대신 같은 길을 계속 간다면 얼마나 많은 생명이 희생되겠느냐""며 ""협상은 결코 항복이 아니다. 국가를 자살로 몰지 않는 용기""라고 했다. 외신들은 교황이 '백기'나 '패배' 등의 용어를 사용한 건 이번이 처음이라며 러시아의 공세에 밀리는 볼로디미르 젤렌스키 우크라이나 대통령을 겨냥한 메시지로 해석했다. 
교황의 발언이 전해지자 각국의 비판이 잇따랐다. 에드가르스 링케비치 라트비아 대통령은 자신의 사회관계망서비스(SNS)인 엑스(X)에 ""악에 맞서 항복해선 안 된다""며 ""악과 싸워 물리쳐야만, 악이 백기를 들고 항복할 것""이라며 교황의 발언을 비판하는 취지의 글을 올렸다.
데니스 라트케 독일 기독민주당 의원 역시 X를 통해 ""교황의 발언은 부끄럽다""며 ""우크라이나에 대한 그의 입장은 교황답지 못하다. 이해할 수 없다""고 썼다. 안톤 게라쉬텐코 우크라이나 내무부 고문도 비판에 가세했다. 그는 ""교황이 수만 명을 죽인 침략자 러시아를 비난하지 않고 우크라이나에 백기를 들라고 요구하는 건 이상하다""며 ""모든 추기경들이 그런 입장을 공유하는 것이냐""고 반문했다. 영국 가디언은 ""유럽 정치인들은 교황이 러시아 범죄에 침묵을 지키고 우크라이나에 책임을 지우는 것처럼 보이자 분노에 찬 반응을 쏟아냈다""고 전했다. 
논란이 커지자 바티칸은 진화에 나섰다. 바티칸 측은 성명을 내고 ""(교황은) 적대 행위의 중단, 용기 있는 협상으로 도달한 휴전을 말하기 위해 '백기'라는 단어를 사용한 것""이라고 해명했다. 그러면서 우크라이나 전쟁과 관련해 '정의롭고 지속적인 평화를 추구하기 위한 외교적 해결책'을 재차 촉구했다. 
조아름 기자 archo1206@hankookilbo.com"
"“의대 야간 특별반, 월 70만원”…퇴근 후 학원가는 직장인들",https://v.daum.net/v/20240310230102239,"정부가 의대 정원 확대를 예고한 가운데 13일 오후 서울 서초구 메가스터디 학원에서 학생과 학부모들이 ‘의대 증원에 따른 입시 판도 분석 설명회’를 기다리며 ‘2025 입시 일정표’를 보고 있다. 연합뉴스
           

“30대 대기업 대리입니다…의대갈 수 있을까요?”
정부가 의대 입학 정원을 2025학년도부터 2000명 늘리는 방안을 추진하면서 ‘늦깎이 의대 입학’을 꿈꾸는 직장인들이 학원가로 몰려들고 있다.
10일 입시업계에 따르면 최근 학원가에는 퇴근 후 학원에서 의대 준비를 하려는 직장인들의 문의와 등록이 줄을 잇고 있다.
직장인들의 문의가 쏟아지자 메가스터디교육은 오는 18일 서초 의약학 전문관에서 의대 준비 직장인 대상 야간특별반인 ‘수능 ALL in 반’을 열기로 했다.
학원가에서 직장인만을 상대로 의대 야간특별반을 개설한 것은 이번이 처음이다.
메가스터디의 직장인 대상 야간특별반은 평일 오후 7시부터 10시까지 운영된다. 수강료는 월 70만원이며, 우선 20명 인원으로 개강할 예정이다.
학원 측에서 ‘1년 안에 입시 준비가 힘들 수 있다’고 말해도 직장인들은 쉽사리 발걸음을 돌리지 않는다고 한다.
남윤곤 메가스터디교육 입시전략연구소장은 “요즘 회사들이 ‘워라밸’이 잘 돼 있어 오후 7시면 끝나니까 해봐야겠다는 심리가 강해진 것 같다”고 말했다.



            8일 서울의 한 대학병원에서 이동하는 의료진. 연합뉴스
           

직장인 의대 야간특별반 문을 두드리는 직장인 중에는 30대 중반의 대기업 과장·대리급이 많은 것으로 전해졌다.
특히 서울대·연세대·고려대·카이스트 등 상위권 대학 이공계 출신의 관심이 크다고 한다.
입시업계 관계자 중에는 “퇴직이 그리 멀지 않은 50대 금융회사 간부나 50대 사업가 등도 의대 입시에 대해 문의한다”며 “정부 부처에서 일하는 40대 후반 고위공무원도 있었다”고 전했다.
강남 다른 학원의 의대 야간반 원장은 “직장인들 문의가 작년보다 20∼30% 정도 늘었다”며 “모집 인원 또한 50% 정도 늘었다”고 말했다.



            정부가 의대 정원 확대를 예고한 가운데 13일 오후 서울 서초구 메가스터디 학원에서 학부모들이 ‘의대 증원에 따른 입시 판도 분석 설명회’에 참석하고 있다. 연합뉴스
           

“대치동 학원마다 하루 수십통씩 문의 쏟아져”
강남 대치동 입시 컨설팅업계에도 의대 입시 가능성을 묻는 직장인들의 문의가 이어지고 있다.
다만 입시 컨설턴트들은 과거 대학수학능력시험(수능) 성적이 좋았다고 하더라도, 짧은 시간 안에 의대 입학에 성공하기는 어려울 수 있다고 조언했다.
한 입시 컨설턴트는 “공부를 한참 쉰 사람이 막연하게 공부한다고 해서 될 수 있는 시험은 아니다”며 “의대 합격선이 낮아진다고 해도 아주 미미할 것이며, 최상위권 안에 들어야 통과할 수 있는 것만큼은 분명한 사실”이라고 말했다.
더구나 학원별로 N수생 등 성인이 등록할 수 있는 의대 야간반이 있어도, 아무나 등록할 수 있는 것도 아니다.
모의고사 성적표를 제출한다든지, 학원 자체 시험의 합격선이나 기준을 통과해야 하기 때문에 원한다고 해서 무작정 들어갈 수는 없다.
한편 교육부와 보건복지부에 따르면 지난 4일까지 2025학년도 의과대학 정원 신청을 받은 결과 의대가 있는 전국 40개 대학이 총 3401명의 증원을 신청했다. 다만 의대 교육의 질 하락을 우려한 교수들의 반발, 의대생들의 동맹휴학, 전공의 집단사직 등이 계속되고 있어 최종 증원 확정까지는 진통이 많을 것으로 보인다.
김채현 기자"
교황이 우크라에 항복 촉구?...말 한 번 잘못했다가 진땀 뻘뻘,https://v.daum.net/v/20240310231500299,"프란치스코 교황 [사진출처 = AFP 연합뉴스]
           


           프란치스코 교황이 볼로디미르 젤렌스키 우크라이나 대통령을 향해 러시아와의 종전 협상에 나서야 한다고 촉구하면서 이를 ‘백기 투항할 용기’로 지칭해 논란이 일고 있다. 교황청은 즉시 교황의 의도가 항복이 아니라 휴전과 협상에 방점이 찍혀있다고 해명에 나섰다.
          
로이터통신에 따르면 교황은 9일(현지시간) 사전 공개된 스위스 공영방송 RTS와의 인터뷰에서 “상황을 보고 국민을 생각하며 백기를 들고 협상할 용기가 있는 사람이 가장 강한 사람이라고 믿는다”고 말했다. 이어 “협상이라는 단어는 용감한 단어다. 당신이 패배하고 있다거나 일이 잘 풀리지 않고 있다고 인지했을 때 협상할 용기를 가져야 한다”고 말했다.
교황은 “협상이 부끄러운가”라고 물으며 “만약 협상 대신 같은 길을 계속 간다면, 얼마나 많은 생명이 희생되겠느냐”고 말했다. 그는 “협상은 결코 항복이 아니다. 국가를 자살로 몰지 않는 용기다”라고 했다.
교황의 발언은 우크라이나에 항복을 종용했다는 논란을 불러 일으켰다. 그는 이전에도 협상 필요성을 언급했지만 ‘백기’나 ‘패배’ 등의 용어는 이번에 처음 사용했다. 일각에서는 인터뷰 맥락을 근거로 교황이 이대로라면 우크라이나가 패배한다고 보고 있다는 분석이 나왔다.
논란이 번지자 교황청은 진화에 나섰다. 마테오 브루니 교황청 대변인은 ‘백기’라는 단어는 인터뷰를 진행한 기자가 질문하며 쓴 표현을 교황이 따라서 한 말이라고 언급하고 “백기는 적대 행위의 중단, 협상의 용기로 이룬 평화를 나타내기 위해 사용됐다”고 말했다. 이어 교황이 인터뷰 말미에 “협상은 항복이 아니다”라고 분명히 말했다고 설명했다.
젤렌스키 대통령 측은 따로 입장을 내놓지 않았다. 미국 뉴욕타임스(NYT)는 이날 “교황이 우크라이나에 항복을 제안했다는 의문이 제기되고 있다. 인터뷰에서 교황의 발언들은 바티칸의 입장을 이해하기 위해 고군분투하고 있는 우크라이나 관리들과 지지자들을 또다시 혼란스럽게 만들었다”고 평가했다. 교황은 중립을 유지해야 한다는 판단으로 우크라이나에 대한 전폭적인 지지는 표명하지 않는다.
한편 튀르키예는 협상 중재자 역할을 자처했다. 레제프 타이이프 에르도안 튀르키예 대통령은 8일 젤렌스키 대통령과 정상회담을 한 후 진행한 공동 기자회견에서 “우리는 러시아가 참석한 평화 정상회담을 주최할 준비가 돼 있다”고 밝혔다. 교황은 인터뷰에서 협상을 중재할 주체로 튀르키예를 지목한 바 있다.
젤렌스키 대통령은 스위스가 추진 중인 ‘우크라이나 평화 정상회의’와 관련해 “첫 회의에는 러시아가 초대되지 않을 것”이라면서도 “동맹국들과 논의하고 합의가 이뤄진 뒤 다음 회담에 러시아 대표단이 초대받을 수 있을 것”이라고 밝혔다."
네덜란드 홀로코스트 박물관 개관…이스라엘 대통령 참석,https://v.daum.net/v/20240310231705324,"(암스테르담 AP=연합뉴스) 빌럼 알렉산드르 네덜란드 국왕이 10일(현지시간) 암스테르담에 문을 연 국립 홀로코스트 박물관을 둘러보고 있다.
           

(파리=연합뉴스) 송진원 특파원 = 나치 독일에 희생된 네덜란드 유대인의 대학살 피해를 기록한 국립 홀로코스트 박물관이 10일(현지시간) 암스테르담에 개관했다고 AP, 로이터 통신이 보도했다.
박물관은 네덜란드에서 추방돼 나치 수용소에서 살해된 유대인(약 10만2천명 추산)의 사연과 나치 독일 점령하에서 유대인이 구조적으로 박해받은 역사를 담았다.
과거 유대인 어린이 600여명의 탈출 경로로 사용된 교사 양성 대학 건물에 박물관이 들어섰다.
박물관엔 강제 수용소 해방 후 시신 옆을 지나가는 소년의 사진, 수용소 부지에서 발견된 유대인의 유품 등이 전시돼 있다.
전시관 한쪽 벽엔 독일 점령군이 만든 유대인 차별법도 적혀 있다.
이날 개관식은 빌럼 알렉산드르 네덜란드 국왕과 이츠하크 헤르조그 이스라엘 대통령의 주재로 암스테르담의 포르투갈 유대교 회당에서 열렸다.
헤르조그 대통령은 이 자리에서 홀로코스트 박물관이 ""증오와 반유대주의, 인종차별에서 비롯된 공포를 기억하고 다시는 그런 일이 생기지 않도록 하라는 분명하고 강력한 메시지를 보내는 것""이라고 말했다.
그러면서 ""불행히도 지금이 바로 그때""라며 ""지금 전 세계적으로 증오와 반유대주의가 만연하고 있기 때문에 우리는 함께 싸워야 한다""고 덧붙였다.



            (암스테르담 EPA=연합뉴스) 이츠하크 헤르조그 이스라엘 대통령이 10일(현지시간) 네덜란드 암스테르담의 포르투갈 유대교 회당에서 열린 국립 홀로코스트 박물관 개관식에서 연설하고 있다.
           

개관식에 맞춰 수백명의 친팔레스타인 시위대는 인근 광장에서 헤르조그 대통령의 참석을 비판하는 시위를 벌였다.
친팔레스타인 네덜란드 단체인 '권리 포럼'은 ""(그의 참석은) 이스라엘이 어떻게 사랑하는 사람을 살해하고 그들의 땅을 파괴하는지 무력하게 지켜볼 수밖에 없는 팔레스타인인들의 뺨을 때리는 것""이라고 비판했다.
이날 시위엔 유대인 단체들도 참여했다.
한 유대인 단체의 반전 운동가인 조아나 카바코는 ""우리 유대인에게 이 박물관은 우리의 역사이자 우리 과거의 일부""라며 ""어떻게 이런 신성한 공간이 오늘날 대학살을 정상화하는 데 이용될 수 있느냐""고 성토했다.
한 참석자는 ""홀로코스트 생존자의 손자가 말한다. 가자지구 홀로코스트를 중단하라""는 팻말을 치켜들기도 했다.
이런 비판에 박물관 측은 ""하마스의 공격과 이스라엘의 가자지구 공습이 있기 전 헤르조그 대통령을 초청했다""고 해명했다.
이어 헤르조그 대통령의 참석이 비판받을 수 있다는 사실을 인정하면서도 그가 ""이스라엘로 이주한 네덜란드 홀로코스트 생존자들의 고국을 대표한다""고 덧붙였다.
san@yna.co.kr
▶제보는 카톡 okjebo"
월 125만원 그냥 꽂힌다…지금 당장 '제2 월급' 타는 법,https://v.daum.net/v/20240310230328254,"━
           
 국내 상품도 있다, 월배당 ETF의 세계 

■ 경제+
「 부업을 뛰지 않아도, 건물이 없어도 월세를 받는 것처럼 현금을 매달 손에 쥘 수 있는 방법이 있다. 매월 꼬박꼬박 통장에 돈이 꽂히는 ‘월배당 상장지수펀드(ETF)’ 투자다. 노후 생활비 혹은 용돈을 위해 남녀노소 세대 불문하고 투자자들의 관심이 뜨겁다. 2022년 6월 국내 시장에 첫선을 보인 월배당 ETF는 이달 순자산 총액(AUM) 4조원을 돌파했다. 상품도 다양해지고 있다. 현재 국내에 상장 된 월배당 ETF는 50개에 육박한다. 투자자 수요에 맞춰 국내외 주식형과 채권, 리츠, 커버드콜 등 다양한 형식으로 출시되고 있다. 월배당 ETF의 세계를 뜯어봤다.  」



            월배당 ETF의 세계
           

 1. 꾸준한 배당? 투자금 불리기?…목적에 맞는 상품 선택이 중요 
상품이 많아지면서 투자자의 고민도 커진다. 노후소득인지 당장의 용돈인지, 투자 목적에 따라 담는 월배당 ETF도 달라져야 한다. 머니랩에서 ‘월배당 라인업’을 갖춘 국내 대표 5개 운용사와 함께 최적의 ‘월배당 포트폴리오’를 찾아봤다. 1억원이 있다면 어디에 투자해 제2의 월급을 만들까. 월 125만원을 당장 손에 쥘 수 있는 포트폴리오부터 10년 뒤 배당이 50% 성장하는 포트폴리오까지 다양한 조합을 소개한다. 



            정근영 디자이너
           

 월배당 상품은 뜯어보면 ‘눈속임’이다. 내가 원래 받아야 할 분배금을 운용사가 시기만 달리해 주는 상품이다. 예컨대 채권 월배당 ETF라면 채권은 6개월마다 이자를 준다. 바로 이 6개월마다 나오는 이자를 운용사가 보관하고 있다가 월마다 나눠주는 식이다. 
그럼에도 월마다 당장 현금을 손에 쥘 수 있다는 건 매력적이다. 예측 가능하게 나오는 분배금을 적재적소에 쓰거나 재투자해 복리의 효과를 누릴 수 있다. 특히 변동성이 높은 시장에서는 월마다 들어오는 현금은 투자자들의 안전판이 돼준다. 월배당 ETF를 고를 때는 주가수익률과 배당수익률 모두를 고려해야 한다. 주가수익률이 마이너스(-)로 가면 투자 원금을 잃게 되니 당장 배당을 많이 받아도 제 살 깎아먹기다. 



            차준홍 기자
           

 월배당 ETF 투자도 핵심은 ‘분산’이다. 한국투자신탁운용은 투자자의 성향에 따라 두 가지 포트폴리오를 추천했다. 안정적이고 꾸준하게 많은 배당금을 받고 싶은 투자자라면 ACE글로벌인컴 TOP10에 100% 투자할 것을 권했다. 김승현 한국투자신탁운용 ETF마케팅 부장은 “이 상품은 10개의 ETF를 담은 ‘ETF에 투자하는 ETF’”라며 “나스닥100 커버드 콜, 리츠, 하이일드 등에 분산투자하는 상품이라 하나만 담아도 충분하다”고 설명했다. ACE글로벌인컴 TOP10에 1억원을 투자할 경우 분배율은 7.35%로 당장 월 60만9000원을 손에 쥐게 된다. 



            차준홍 기자
           

 반면에 배당을 받으면서도 꾸준한 수익을 올려 투자금을 키우고 싶은 투자자의 경우 ‘채권 배당성장’ 조합이다. ACE 미국배당다우존스와 ACE 미국30년국채액티브(H)에 50%씩 투자하는 포트폴리오다. 전자는 ‘SCHD’라 불리며 해외에서도 인기가 많은 다우존스가 발표하는 배당이 꾸준히 성장하는 기업들을 골라 담은 ETF의 한국판이다. 미국 30년 국채의 경우 3%에 달하는 이자 수익 외에도 향후 금리 인하가 시작되면 채권 가격 상승 차익도 기대할 수 있다. 이 포트폴리오에 1억원을 투자하면 월 29만5000원을 받을 수 있다. 분배금이 상대적으로 적은 편이다. 대신 연평균 성장률을 가정해볼 때 10년 뒤 월 분배금이 45만3000원으로 50%가량 늘어난다. 



            차준홍 기자
           

 문종현 KB자산운용 차장은 “생활여유자금 확보를 위한 만큼 포트폴리오의 안정성을 추구해야 한다”며 주식·채권·대체자산에 5:3:2로 분산투자할 것을 권했다. 



            차준홍 기자
           

 KBSTAR 배당킹은 50년 이상 배당이 성장한 기업을 담은 주식 ETF다. KBSTAR 글로벌리얼티인컴은 미국 최대 상업용 리츠와 배당주의 대명사 맥쿼리인프라에 투자한다. KBSTAR 금융채액티브는 금리가 높은 국내 금융채들을 담은 채권 ETF다. 세 상품의 배당률은 3~4%대다. 1억원을 세 ETF에 추천 비율대로 분산투자하면 2025년에는 29만8900원, 2035년에는 월 56만원가량을 받을 수 있다. 미래에 분배금이 크게 성장하는 걸 기대해볼 수 있는 포트폴리오다. 



            차준홍 기자
           

 당장 배당을 많이 받을 수 있는 상품을 고른다면 ‘커버드콜 전략’ 상품을 빼놓을 수 없다. 삼성자산운용, 미래에셋자산운용, 신한자산운용 세 운용사는 모두 ‘커버드콜’ 전략을 구사하는 상품을 추천했다. 커버드콜 상품은 분배금을 많이 받는 대신 상승기에는 수익을 쫓아가지 못하고, 그렇기 때문에 주가가 크게 떨어지면 깎인 투자금을 회복하는 데 오랜 시간이 걸린다는 단점이 있다. 
운용사들은 단점을 보완하기 위해 다양한 안전장치를 두는 상품들을 추천했다. 안정적인 채권과 섞거나, 전체가 아닌 일부에만 커버드콜 옵션을 사용하는 상품들이다. 
2. ‘커버드콜 전략’ 분배금 많지만…주가 크게 움직이면 손실 가능성 
삼성자산운용은 커버드콜 ETF를 채권이나 리츠 등 상대적으로 변동성이 적은 자산으로 분배금을 주는 ETF와 섞어 투자할 것을 권했다. 총 4가지 ETF에 성향에 따라 나눠 투자하는 포트폴리오다. 



            차준홍 기자
           

 당장 많은 분배금을 받고 싶다면 ① Kodex 테슬라인컴프리미엄액티브에 집중 투자하면 된다. 커버드콜 전략에서 옵션 프리미엄(분배금)은 기초자산의 변동성이 높을수록 커진다. 주가 변동성이 큰 테슬라를 기초 자산으로 삼은 이 ETF는 연 배당률이 15%로 국내 최고 수준이다. 대신 채권을 70% 섞어 안전성을 확보했다. 이 상품에 1억원을 투자한다면 월 분배금은 125만원에 달한다. 최근 테슬라 주가 급락에도 Kodex 테슬라인컴프리미엄채권혼합액티브 가격은 그만큼 떨어지진 않았다. 커버드콜 전략과 채권을 70% 섞은 안전성이 발휘되고 있는 셈이다. 
주가와 분배금, 둘 다 노리는 ETF는 ② Kodex 미국배당프리미엄액티브다. 미국을 대표하는 우량 배당주에 투자하면서 커버드콜 옵션을 사용해 연 배당률이 7%에 달한다. 다른 커버드콜 ETF와의 차이점은 지수 전체가 아닌 개별 종목마다 옵션을 별도로 적용한다는 점이다. 쉽게 말해 오르는 종목에는 옵션을 사용하지 않아 주가 상승도 따라갈 수 있는 상품이다. 
3. 월배당 ETF 핵심은 ‘위험 분산’…투자 성향별 다양한 조합 가능 



            그래픽=김현서 kim.hyeonseo12@joongang.co.kr
           

 안정성을 높이는 선택지는 연 8% 분배금을 주는 리츠(③ Kodex TSE일본리츠(H))와 채권(④ Kodex iShares 미국하이일드액티브)이다. 김도형 삼성자산운용 ETF컨설팅본부장은 “일본은 조달비용(금리)이 낮아 리츠 투자가 안정적”이라며 “미국 하이일드 채권은 투자 등급 외 채권이어도 부도 가능성은 낮고 금리는 높아 월배당에 적합한 상품”이라고 설명했다. 
또 미래에셋자산운용은 커버드콜 전략을 쓰는 상품 세 가지(TIGER미국배당 7%프리미엄, TIGER미국테크 10%프리미엄, TIGER미국30년국채프리미엄액티브(H))에 분산투자를 권했다. 배당성장주, 테크주, 채권으로 자산은 다르지만 세 상품 모두 연 10~12%의 분배금을 준다. 세 개 ETF의 핵심은 커버드콜 옵션을 100% 사용하지 않는다는 점이다. 약 30~50%만 옵션을 씌워, 지수 상승분도 일부 쫓아간다. 세 상품에 1억원을 33%씩 투자하면 당장 월 90만원 정도의 배당을 손에 쥘 수 있다. 
5개 운용사 포트폴리오의 공통점은 모두 ‘채권’을 추천하고 있다는 점이다. 금리가 고점이고 추가 인상 여지가 적은 만큼 투자금 손실 없이 안전하게 배당금을 받을 수 있기 때문이다. 신한자산운용은 채권에 커버드콜 옵션을 씌운 상품에 1억원을 100% 투자할 것을 권했다. SOL 미국30년국채 커버드콜(합성)은 장기채에 커버드콜 전략을 사용해 연 12%대 배당을 기대할 수 있는 상품이다. 1억원을 투자했을 경우 대략 세전 월 100만원을 손에 쥘 수 있다. 
■ 당신의 돈에 관한 모든 이야기, 투자 인사이트를 드립니다. 돈 되는 '머니 정보' 더중플에서 더 많이 확인할 수 있습니다. 
「 



            경제+
           

 엔비디아 뛰면 여긴 날아간다, 다음 대박 알려줄 ‘동심원 법칙’  https://www.joongang.co.kr/article/25231793 
‘월 93만원’ 미국 배당의 마법…노후 월급 350만원 꽂힌다  https://www.joongang.co.kr/article/25233305 
똑같이 붓고 1.5억 더 번다, 노후 해외여행 달린 이 계좌  https://www.joongang.co.kr/article/25233559 
통장에 1000만원 있으세요? “역사적 저점” 여기 투자하라  https://www.joongang.co.kr/article/25225360 
테슬라·애플은 이제 버려라…억만장자 166조 불려준 ‘이 종목’  https://www.joongang.co.kr/article/25229883  」
김연주 기자 kim.yeonjoo@joongang.co.kr"
주말 이틀만 운동해도 살 빠질까?,https://v.daum.net/v/20240310220020843,"일주일에 1~2회만 집중적으로 하는 운동도 일주일 내내 주기적으로 운동하는 것만큼 효과적이다./사진=클립아트코리아
           



            자주 운동할 시간을 내기 어렵다면, 주말 이틀 동안만이라도 운동하는 건 어떨까? 미국 의료전문사이트 웹엠디의 전문가들은 1~2일간 집중적인 운동이 일주일 내내 운동하는 것만큼 효과적이라고 말한다.
           

◇다양한 연구결과일주일에 1~2회만 하는 운동이 일주일 내내 주기적으로 운동하는 것만큼 효과적이라는 연구 결과가 여럿 나와 있다. 중국 푸와이병원 연구팀이 주말에만 운동하는 사람과 정기적으로 운동하는 사람 9629명을 분석했다. 그 결과, 주말에 운동하는 것이 일주일 내내 운동하는 것만큼 지방 감소에 효과적이었다. 8만9573명을 분석한 미국 연구 결과, 주말에 운동하는 사람은 그렇지 않은 사람보다 심장마비나 뇌졸중, 심부전 등 발병 위험이 낮았다. 성인 35만1000명을 대상으로 한 연구에서는 주말에 운동하는 사람과 일주일에 세 번 이상 운동하는 사람의 조기 사망 위험이 차이나지 않았다.
◇집중적인 고강도 운동 덕분대부분의 연구에서 주말에 운동하는 사람들은 평일 내내 운동하는 사람보다 강도가 높고 운동 시간이 길었다. 미국 워털루대 공중 보건 교수 피터 홀은 “연구를 통해 분석한 결과, 주말에 운동하는 사람은 한 번에 평균 두 시간 이상 운동하는 등 권장 운동량을 충족하거나 초과한다”고 말했다. 미국 월프리드 로리에대 스포츠 및 운동 심리학 교수 킴벌리 도슨은 “단기간의 운동은 카테콜아민이라는 스트레스 호르몬 수치를 높이고 혈액순환을 촉진해 신체가 더 많은 지방을 태우는데 도움이 된다”고 말했다.
◇핵심은 빈도 아닌 운동량전문가들은 운동 목표가 있다면, 그만큼 운동 권장량을 충족할 것을 권고한다. 만약 체중 감량을 위한 운동을 하고 싶다면 체중 감량 권장량인 하루 60분에서 90분의 신체활동을 하면 된다. 일주일 내내 운동할 시간이 없다면, 가능한 시간에 권장량을 채우면 된다. 이때, 일주일 내내 운동한 사람들보다 더 열심히 더 오래 운동하는 것이 핵심이다. 킴벌리 도슨 박사는 “주중에는 최대한 많이 움직이고 주말에는 일정이 허락하는 한 더 긴 시간 동안 운동을 즐겨라”고 말했다."
"""집 앞에서 쇼핑해요""…대형마트 대신 생활용품점·편의점 찾는다",https://v.daum.net/v/20240310200623821,"【 앵커멘트 】 한때 국내 유통시장을 좌지우지했던 대형마트 업계가 맥을 못 추고 있습니다. 집 앞 생활용품점이나 편의점을 찾거나, 인터넷 주문을 즐기는 소비자가 늘고 있거든요. 정설민 기자입니다. 
【 기자 】 과자와 음료수 등 다양한 식품을 파는 이 매장은 슈퍼나 마트가 아닌 생활용품점입니다. 
캡슐 커피 10개들이 가격이 3천 원, 한 개 300원꼴로 대형마트의 절반 수준입니다. 
품절 대란을 일으킨 화장품과 옷까지 없는 게 없는 이곳은 매장을 1천500개까지 늘려 '국민 가게'로 불리고 있습니다. 
▶ 인터뷰 : 이지수 / 서울 용답동 - ""곳곳에 걸어가면 있기도 하고. 많은 브랜드가 입점해 있으니까.""
코로나19 팬데믹을 지나고 1인 가구가 늘면서 '근거리 소비'가 떠오르고 있습니다. 
신선식품도 차 타고 대형마트에 가는 대신, 집앞 편의점에서 사는 경우가 많아졌습니다. 
제철 과일인 딸기부터 돼지고기, 과메기와 홍어회까지 판매 품목이 대형마트 못지않습니다.
▶ 인터뷰 : 김태영 / 편의점 관계자 - ""300~500개의 신선 장보기형 상품을 운영하고 있으며, 삼겹살데이 기간에 냉장돈육 상품 매출이 전년 대비 21배 이상 신장했습니다.""
▶ 스탠딩 : 정설민 / 기자 - ""동네 상권이 활성화되면서 대형마트들이 직격탄을 맞았습니다. 지난해 대형마트 3사의 점포 수는 전년보다 5곳 줄어들었고요. 업계 1위 이마트는 창사 이래 처음으로 적자를 기록했습니다.""
쿠팡은 지난해 유통업계 왕좌를 꿰찼고, 알리와 테무 등 중국 이커머스 업체들도 무섭게 치고 올라오고 있습니다.
소비 패턴 변화 속에 대형마트 업계는 초저가와 매장 리뉴얼 전략을 꺼내 들며 돌파구를 찾고 있습니다. 
MBN뉴스 정설민입니다. [jasmine83@mbn.co.kr]
영상취재 : 문진웅 기자·현기혁 VJ 영상편집 : 오광환 그래픽 : 송지수"
